Date,Adj Close
2005-09-02,90.0
2005-09-05,90.8056
2005-09-06,90.7535
2005-09-07,91.7713
2005-09-08,94.0055
2005-09-09,93.8163
2005-09-12,93.6275
2005-09-13,95.9858
2005-09-14,97.2347
2005-09-15,96.6958
2005-09-16,97.6278
2005-09-19,97.0956
2005-09-20,96.5629
2005-09-21,97.0582
2005-09-22,94.4183
2005-09-23,92.117
2005-09-26,91.4782
2005-09-27,90.2256
2005-09-28,90.7862
2005-09-29,89.6858
2005-09-30,87.9204
2005-10-03,89.9852
2005-10-04,89.8154
2005-10-05,90.0411
2005-10-06,88.2519
2005-10-07,87.6636
2005-10-11,87.941
2005-10-12,86.5546
2005-10-13,87.1722
2005-10-14,86.5176
2005-10-17,86.2688
2005-10-18,85.6196
2005-10-19,88.1269
2005-10-20,88.2412
2005-10-21,86.9736
2005-10-24,88.1772
2005-10-25,86.6947
2005-10-26,87.0964
2005-10-27,84.6668
2005-10-28,83.107
2005-10-31,83.4771
2005-11-01,84.527
2005-11-02,84.8711
2005-11-03,84.8512
2005-11-04,84.5952
2005-11-07,82.846
2005-11-08,82.0757
2005-11-09,81.6317
2005-11-10,83.0486
2005-11-11,83.6012
2005-11-14,81.5157
2005-11-15,82.0342
2005-11-16,81.6834
2005-11-17,80.9765
2005-11-18,81.8409
2005-11-21,83.2293
2005-11-22,84.5168
2005-11-23,83.5797
2005-11-24,83.3174
2005-11-25,83.8564
2005-11-28,85.2093
2005-11-29,84.7247
2005-11-30,84.6158
2005-12-01,83.3385
2005-12-02,81.9682
2005-12-05,83.0902
2005-12-06,84.9052
2005-12-07,84.9408
2005-12-08,86.3468
2005-12-09,86.9447
2005-12-12,86.2338
2005-12-13,86.8306
2005-12-14,88.9641
2005-12-15,89.0497
2005-12-16,91.2732
2005-12-19,87.8234
2005-12-20,89.0379
2005-12-21,89.2877
2005-12-22,89.0212
2005-12-23,89.2773
2005-12-26,86.7495
2005-12-27,86.5938
2005-12-28,87.1875
2005-12-29,89.2511
2005-12-30,88.6911
2006-01-02,87.7485
2006-01-03,87.2197
2006-01-04,88.5481
2006-01-05,89.1176
2006-01-06,88.5431
2006-01-09,89.3576
2006-01-10,89.6218
2006-01-11,91.0584
2006-01-12,90.2361
2006-01-13,89.9279
2006-01-16,89.5339
2006-01-17,87.7027
2006-01-18,88.2238
2006-01-19,88.7016
2006-01-20,88.8415
2006-01-23,88.6621
2006-01-24,86.9127
2006-01-25,86.4947
2006-02-03,86.1798
2006-02-06,85.272
2006-02-07,85.1936
2006-02-08,85.8377
2006-02-09,88.395
2006-02-10,88.7591
2006-02-13,89.2351
2006-02-14,89.2693
2006-02-15,86.8339
2006-02-16,86.9296
2006-02-17,87.1385
2006-02-20,90.4889
2006-02-21,90.3635
2006-02-22,90.9078
2006-02-23,90.9968
2006-02-24,89.5381
2006-02-27,91.2073
2006-03-01,92.3728
2006-03-02,93.6074
2006-03-03,92.4709
2006-03-06,94.5554
2006-03-07,92.7089
2006-03-08,93.6641
2006-03-09,96.8821
2006-03-10,95.5879
2006-03-13,94.9193
2006-03-14,95.2036
2006-03-15,94.6274
2006-03-16,92.5683
2006-03-17,92.8024
2006-03-20,91.4628
2006-03-21,92.2497
2006-03-22,91.1158
2006-03-23,93.3708
2006-03-24,92.4139
2006-03-27,92.1061
2006-03-28,93.3682
2006-03-29,91.7844
2006-03-30,92.2352
2006-03-31,94.182
2006-04-03,92.0523
2006-04-04,92.4453
2006-04-06,92.9443
2006-04-07,94.1737
2006-04-10,92.5676
2006-04-11,90.873
2006-04-12,91.7208
2006-04-13,92.267
2006-04-14,92.7521
2006-04-17,93.3732
2006-04-18,92.5608
2006-04-19,93.0221
2006-04-20,93.5706
2006-04-21,92.7083
2006-04-24,95.442
2006-04-25,96.2635
2006-04-26,94.6877
2006-04-27,95.7622
2006-04-28,94.5058
2006-05-02,95.7633
2006-05-03,97.5712
2006-05-04,96.5164
2006-05-05,98.0559
2006-05-08,98.8101
2006-05-09,100.1767
2006-05-10,103.1772
2006-05-11,102.9522
2006-05-12,101.9426
2006-05-15,100.7353
2006-05-16,99.6537
2006-05-17,99.6879
2006-05-18,100.3476
2006-05-19,100.9146
2006-05-22,102.3181
2006-05-23,102.4915
2006-05-24,104.8799
2006-05-25,104.6209
2006-05-26,109.0466
2006-05-29,110.2336
2006-05-30,108.9816
2006-06-01,107.3945
2006-06-02,108.3328
2006-06-05,108.1322
2006-06-06,109.4525
2006-06-07,110.3936
2006-06-08,110.4386
2006-06-09,109.2015
2006-06-12,106.8839
2006-06-13,106.3283
2006-06-14,107.8537
2006-06-15,108.3618
2006-06-16,106.4995
2006-06-19,106.9359
2006-06-20,107.7144
2006-06-21,106.4479
2006-06-22,106.853
2006-06-23,107.1066
2006-06-26,105.431
2006-06-27,106.155
2006-06-28,107.2072
2006-06-29,109.1097
2006-06-30,110.9981
2006-07-03,108.8708
2006-07-04,107.5026
2006-07-05,108.4944
2006-07-06,109.4933
2006-07-07,110.5035
2006-07-10,117.0554
2006-07-11,118.2334
2006-07-12,120.4247
2006-07-13,122.3286
2006-07-14,123.7073
2006-07-17,123.3078
2006-07-18,124.8966
2006-07-19,123.6361
2006-07-20,123.3824
2006-07-21,122.6692
2006-07-24,123.0039
2006-07-25,127.4591
2006-07-26,124.0803
2006-07-27,125.5437
2006-07-28,122.695
2006-07-31,122.0105
2006-08-01,124.1865
2006-08-02,124.4925
2006-08-03,122.6667
2006-08-04,121.5345
2006-08-07,122.9557
2006-08-08,121.7931
2006-08-09,122.3712
2006-08-10,122.6384
2006-08-11,121.6237
2006-08-14,125.7175
2006-08-15,127.1015
2006-08-16,123.4312
2006-08-17,123.9616
2006-08-18,122.917
2006-08-21,124.6731
2006-08-22,123.378
2006-08-23,123.3507
2006-08-24,124.4701
2006-08-25,126.2732
2006-08-28,124.1891
2006-08-29,123.7523
2006-08-30,123.0563
2006-08-31,122.0349
2006-09-01,125.4497
2006-09-04,126.3999
2006-09-05,124.1989
2006-09-06,126.0952
2006-09-07,130.2982
2006-09-08,132.5116
2006-09-11,129.6904
2006-09-12,128.9429
2006-09-13,131.5867
2006-09-14,130.3873
2006-09-15,131.4509
2006-09-18,133.1755
2006-09-19,131.5236
2006-09-20,131.6035
2006-09-21,125.4025
2006-09-22,123.6637
2006-09-25,123.3807
2006-09-26,121.2565
2006-09-27,124.4075
2006-09-28,121.9253
2006-09-29,121.3034
2006-10-02,121.7232
2006-10-03,124.5373
2006-10-04,122.0418
2006-10-05,124.3542
2006-10-11,124.5598
2006-10-12,122.9128
2006-10-13,123.9491
2006-10-16,124.5051
2006-10-17,123.5709
2006-10-18,123.8856
2006-10-19,123.3554
2006-10-20,123.7505
2006-10-23,125.1652
2006-10-24,128.3307
2006-10-25,126.1405
2006-10-26,130.3656
2006-10-27,126.7439
2006-10-30,126.6454
2006-10-31,127.953
2006-11-01,128.6842
2006-11-02,127.6753
2006-11-03,127.4682
2006-11-06,126.7168
2006-11-07,125.7866
2006-11-08,127.5783
2006-11-09,128.4529
2006-11-10,127.3105
2006-11-13,129.2194
2006-11-14,130.0089
2006-11-15,131.7891
2006-11-16,133.2315
2006-11-17,131.7746
2006-11-20,130.865
2006-11-21,132.5282
2006-11-22,133.9404
2006-11-23,134.0993
2006-11-24,134.5365
2006-11-27,137.3167
2006-11-28,136.3042
2006-11-29,137.6272
2006-11-30,137.4162
2006-12-01,137.1736
2006-12-04,139.6402
2006-12-05,141.5786
2006-12-06,143.5186
2006-12-07,146.5443
2006-12-08,146.8103
2006-12-11,148.5323
2006-12-12,148.0638
2006-12-13,149.0059
2006-12-14,148.9385
2006-12-15,149.3786
2006-12-18,150.9362
2006-12-19,149.3101
2006-12-20,154.2203
2006-12-21,152.1244
2006-12-22,149.582
2006-12-25,152.4049
2006-12-26,154.4433
2006-12-27,156.1208
2006-12-28,157.8264
2006-12-29,158.0341
2007-01-02,156.1442
2007-01-03,156.556
2007-01-04,155.2006
2007-01-05,157.7035
2007-01-08,157.5922
2007-01-09,155.8772
2007-01-10,155.3596
2007-01-11,156.5549
2007-01-12,155.4659
2007-01-15,153.7817
2007-01-16,154.5745
2007-01-17,155.3743
2007-01-18,154.4259
2007-01-19,153.5664
2007-01-22,154.3313
2007-01-23,151.2105
2007-01-24,148.245
2007-01-25,146.8698
2007-01-26,146.6199
2007-01-29,147.5236
2007-01-30,151.0096
2007-01-31,153.1788
2007-02-01,153.0411
2007-02-02,153.227
2007-02-05,151.1526
2007-02-06,151.3374
2007-02-07,150.9091
2007-02-08,151.866
2007-02-09,150.2094
2007-02-12,151.6049
2007-02-13,155.3179
2007-02-14,155.2975
2007-02-26,156.4662
2007-02-27,158.3207
2007-03-01,157.6054
2007-03-02,158.3716
2007-03-05,158.6391
2007-03-06,159.1095
2007-03-07,157.5033
2007-03-08,157.7975
2007-03-09,159.2129
2007-03-12,162.9173
2007-03-13,165.5059
2007-03-14,171.0996
2007-03-15,169.3869
2007-03-16,171.8574
2007-03-19,172.5878
2007-03-20,178.5157
2007-03-21,176.6191
2007-03-22,174.6594
2007-03-23,173.351
2007-03-26,168.0883
2007-03-27,167.0148
2007-03-28,165.3635
2007-03-29,165.9846
2007-03-30,167.0845
2007-04-02,172.0373
2007-04-03,174.748
2007-04-04,173.4979
2007-04-09,171.4201
2007-04-10,172.9421
2007-04-11,169.7767
2007-04-12,174.6955
2007-04-13,178.0482
2007-04-16,177.0622
2007-04-17,172.7778
2007-04-18,176.5458
2007-04-19,176.5073
2007-04-20,180.0493
2007-04-23,176.0132
2007-04-24,174.6948
2007-04-25,174.9706
2007-04-26,175.3564
2007-04-27,174.4356
2007-04-30,176.327
2007-05-02,173.7677
2007-05-03,173.6572
2007-05-04,174.231
2007-05-07,175.8368
2007-05-08,177.9775
2007-05-09,175.2421
2007-05-10,171.4723
2007-05-11,175.0158
2007-05-14,176.1507
2007-05-15,174.4372
2007-05-16,178.7575
2007-05-17,179.3358
2007-05-18,182.7772
2007-05-21,183.2365
2007-05-22,189.1754
2007-05-23,194.4402
2007-05-24,194.0057
2007-05-25,197.1241
2007-05-28,199.3281
2007-05-29,203.7192
2007-05-30,201.0762
2007-05-31,203.447
2007-06-01,206.9822
2007-06-04,201.8323
2007-06-05,198.5528
2007-06-06,192.7772
2007-06-07,192.2873
2007-06-08,194.6453
2007-06-11,199.3237
2007-06-12,199.8442
2007-06-13,205.026
2007-06-14,201.0892
2007-06-15,196.2529
2007-06-20,196.3838
2007-06-21,197.8097
2007-06-22,198.0094
2007-06-25,192.1658
2007-06-26,192.1972
2007-06-27,188.7248
2007-06-28,190.9036
2007-06-29,192.2397
2007-07-02,189.8178
2007-07-03,188.6394
2007-07-04,185.9252
2007-07-05,186.0293
2007-07-06,188.9736
2007-07-09,186.4629
2007-07-10,188.1524
2007-07-11,186.9381
2007-07-12,184.9952
2007-07-13,184.9757
2007-07-16,182.3807
2007-07-17,181.1396
2007-07-18,178.1566
2007-07-19,183.6743
2007-07-20,184.047
2007-07-23,182.3913
2007-07-24,183.2503
2007-07-25,183.2164
2007-07-26,182.8839
2007-07-27,184.843
2007-07-30,187.2206
2007-07-31,186.0116
2007-08-01,184.684
2007-08-02,184.1991
2007-08-03,178.1152
2007-08-06,174.3342
2007-08-07,178.1701
2007-08-08,182.8336
2007-08-09,182.4249
2007-08-10,184.2762
2007-08-13,185.413
2007-08-14,194.2541
2007-08-15,197.8077
2007-08-16,197.7249
2007-08-17,195.1875
2007-08-20,190.7769
2007-08-21,191.6453
2007-08-22,189.7585
2007-08-23,185.9949
2007-08-24,184.47
2007-08-27,181.754
2007-08-28,186.6263
2007-08-29,189.3743
2007-08-30,189.6357
2007-08-31,194.1299
2007-09-03,194.6464
2007-09-04,192.4237
2007-09-05,197.1086
2007-09-06,198.9976
2007-09-07,196.2
2007-09-10,195.9341
2007-09-11,193.6545
2007-09-12,189.9282
2007-09-13,192.8517
2007-09-14,198.6645
2007-09-17,194.7948
2007-09-19,196.7319
2007-09-20,195.107
2007-09-21,193.974
2007-09-26,192.5413
2007-09-27,190.3348
2007-09-28,190.7588
2007-10-01,188.6673
2007-10-02,189.7157
2007-10-03,189.8573
2007-10-04,189.4616
2007-10-05,187.1666
2007-10-08,185.8281
2007-10-09,188.2124
2007-10-11,189.9089
2007-10-12,187.4091
2007-10-15,187.9695
2007-10-16,190.37
2007-10-17,185.8885
2007-10-18,187.6824
2007-10-19,186.0985
2007-10-22,187.9705
2007-10-23,186.1004
2007-10-24,181.3412
2007-10-25,177.1861
2007-10-26,177.5797
2007-10-29,178.5379
2007-10-30,176.3839
2007-10-31,178.338
2007-11-01,174.1608
2007-11-02,174.2494
2007-11-05,171.3455
2007-11-06,169.9272
2007-11-07,170.3029
2007-11-08,168.3604
2007-11-09,167.6418
2007-11-12,170.4237
2007-11-13,169.2046
2007-11-14,171.5795
2007-11-15,168.9294
2007-11-16,170.5253
2007-11-19,174.4684
2007-11-20,168.2617
2007-11-21,166.5028
2007-11-22,168.1938
2007-11-23,167.9338
2007-11-26,169.1206
2007-11-27,167.8421
2007-11-28,168.3119
2007-11-29,168.1713
2007-11-30,171.3694
2007-12-03,172.2805
2007-12-04,173.4114
2007-12-05,172.6002
2007-12-06,171.5967
2007-12-07,170.7407
2007-12-10,172.007
2007-12-11,171.1788
2007-12-12,172.1796
2007-12-13,177.798
2007-12-14,180.388
2007-12-17,179.7764
2007-12-18,183.2853
2007-12-19,182.4383
2007-12-20,177.1345
2007-12-21,174.7217
2007-12-24,170.0808
2007-12-25,169.4391
2007-12-26,169.7401
2007-12-27,174.2631
2007-12-28,175.3791
2007-12-31,175.0658
2008-01-02,177.5064
2008-01-03,171.8853
2008-01-04,172.7506
2008-01-07,175.0072
2008-01-08,171.3883
2008-01-09,174.5858
2008-01-10,175.7341
2008-01-11,174.903
2008-01-14,176.8255
2008-01-15,183.1135
2008-01-16,183.8877
2008-01-17,184.8482
2008-01-18,183.8518
2008-01-21,181.7839
2008-01-22,184.3207
2008-01-23,182.2303
2008-01-24,182.6993
2008-01-25,181.6643
2008-01-28,183.242
2008-01-29,184.434
2008-01-30,187.581
2008-01-31,186.4273
2008-02-01,185.9523
2008-02-12,183.5012
2008-02-13,182.5535
2008-02-14,183.8605
2008-02-15,186.224
2008-02-18,183.9274
2008-02-19,186.6025
2008-02-20,190.6769
2008-02-21,192.1454
2008-02-22,197.8429
2008-02-25,195.8433
2008-02-26,192.4807
2008-02-27,187.6339
2008-02-29,192.126
2008-03-03,194.3
2008-03-04,194.4294
2008-03-05,195.5376
2008-03-06,192.5298
2008-03-07,199.8818
2008-03-10,200.5691
2008-03-11,201.1991
2008-03-12,203.6913
2008-03-13,205.4665
2008-03-14,206.4647
2008-03-17,204.3263
2008-03-18,206.0778
2008-03-19,212.2046
2008-03-20,216.8055
2008-03-21,222.3119
2008-03-24,220.9406
2008-03-25,217.9924
2008-03-26,217.9081
2008-03-27,218.4171
2008-03-28,222.3296
2008-03-31,217.0188
2008-04-01,222.3234
2008-04-02,222.13
2008-04-03,221.0408
2008-04-07,218.0166
2008-04-08,212.9318
2008-04-09,215.8804
2008-04-10,216.4416
2008-04-11,212.5782
2008-04-14,208.7675
2008-04-15,208.0291
2008-04-16,213.5492
2008-04-17,213.038
2008-04-18,208.5542
2008-04-21,208.0983
2008-04-22,207.5591
2008-04-23,199.474
2008-04-24,199.6108
2008-04-25,199.2188
2008-04-28,201.5981
2008-04-29,207.4917
2008-04-30,211.3092
2008-05-02,210.7739
2008-05-05,207.5917
2008-05-06,215.9162
2008-05-07,216.4319
2008-05-08,216.8018
2008-05-09,217.0485
2008-05-12,218.019
2008-05-13,217.8739
2008-05-14,216.3259
2008-05-15,214.8759
2008-05-16,215.0926
2008-05-19,213.6619
2008-05-20,211.6978
2008-05-21,212.3533
2008-05-22,211.8597
2008-05-23,216.957
2008-05-26,208.6552
2008-05-27,212.3844
2008-05-28,216.6727
2008-05-29,210.259
2008-05-30,209.4936
2008-06-02,208.6406
2008-06-03,204.5486
2008-06-04,202.4689
2008-06-05,199.3997
2008-06-06,204.9398
2008-06-09,208.1236
2008-06-10,212.4054
2008-06-11,215.0233
2008-06-12,211.7042
2008-06-13,210.3561
2008-06-16,212.2158
2008-06-17,208.6438
2008-06-18,211.1882
2008-06-19,210.7437
2008-06-20,209.8749
2008-06-23,212.4279
2008-06-24,214.1622
2008-06-25,213.3239
2008-06-26,217.3536
2008-06-27,214.155
2008-06-30,216.4548
2008-07-01,218.7052
2008-07-02,218.0178
2008-07-03,219.4114
2008-07-04,215.6229
2008-07-07,218.935
2008-07-08,218.6562
2008-07-09,217.2697
2008-07-10,221.0144
2008-07-11,219.0109
2008-07-14,214.7124
2008-07-15,210.0211
2008-07-16,212.2453
2008-07-17,208.4872
2008-07-18,214.2877
2008-07-21,207.9172
2008-07-22,213.5199
2008-07-23,214.516
2008-07-24,214.5266
2008-07-25,213.0949
2008-07-29,214.6904
2008-07-30,214.8912
2008-07-31,218.7699
2008-08-01,219.4729
2008-08-04,220.2969
2008-08-05,219.4258
2008-08-06,219.5675
2008-08-07,220.9106
2008-08-08,215.5751
2008-08-11,211.5389
2008-08-12,214.2146
2008-08-13,215.0849
2008-08-14,214.8139
2008-08-15,215.1955
2008-08-18,216.6403
2008-08-19,215.2113
2008-08-20,213.0216
2008-08-21,213.9669
2008-08-22,211.1478
2008-08-25,212.7575
2008-08-26,207.6431
2008-08-27,211.16
2008-08-28,212.9736
2008-08-29,214.111
2008-09-01,217.5882
2008-09-02,223.3504
2008-09-03,224.3715
2008-09-04,222.1941
2008-09-05,220.6614
2008-09-08,219.8617
2008-09-09,219.7805
2008-09-10,220.2395
2008-09-11,219.3302
2008-09-12,219.4254
2008-09-15,218.4869
2008-09-16,217.7096
2008-09-17,216.0695
2008-09-18,214.9641
2008-09-19,213.4038
2008-09-22,212.2558
2008-09-23,213.2679
2008-09-24,212.1489
2008-09-25,214.8351
2008-09-26,215.2576
2008-09-30,215.3489
2008-10-01,214.317
2008-10-02,214.9603
2008-10-03,214.2341
2008-10-06,214.2577
2008-10-07,216.8932
2008-10-08,216.6806
2008-10-09,217.8174
2008-10-13,216.9427
2008-10-14,216.7963
2008-10-15,218.6074
2008-10-16,217.8128
2008-10-17,219.6778
2008-10-20,220.3453
2008-10-21,219.6154
2008-10-22,220.2
2008-10-23,221.1607
2008-10-24,221.7377
2008-10-27,219.8859
2008-10-28,218.9765
2008-10-29,218.596
2008-10-30,218.4053
2008-10-31,218.9739
2008-11-03,219.059
2008-11-04,217.4869
2008-11-05,217.7916
2008-11-06,218.3476
2008-11-07,218.8496
2008-11-10,219.9228
2008-11-11,220.7298
2008-11-12,221.1262
2008-11-13,220.9381
2008-11-14,218.9928
2008-11-17,219.3537
2008-11-18,219.4718
2008-11-19,219.6601
2008-11-20,218.148
2008-11-21,216.8598
2008-11-24,217.8933
2008-11-25,217.7413
2008-11-26,218.3744
2008-11-27,218.2961
2008-11-28,218.2194
2008-12-01,219.134
2008-12-02,218.459
2008-12-03,218.4548
2008-12-04,217.8406
2008-12-05,217.2584
2008-12-08,216.8139
2008-12-09,216.9463
2008-12-10,216.3185
2008-12-11,217.5686
2008-12-12,216.4866
2008-12-15,216.1761
2008-12-16,215.5927
2008-12-17,217.0447
2008-12-18,217.1495
2008-12-19,218.1612
2008-12-22,216.4317
2008-12-23,216.6125
2008-12-24,217.4677
2008-12-25,217.4484
2008-12-26,218.4981
2008-12-29,217.8237
2008-12-30,219.2497
2008-12-31,221.6602
2009-01-05,221.1472
2009-01-06,220.544
2009-01-07,222.0364
2009-01-08,223.679
2009-01-09,222.9824
2009-01-12,222.4024
2009-01-13,221.9779
2009-01-14,220.3747
2009-01-15,219.2523
2009-01-16,218.0419
2009-01-19,217.0958
2009-01-20,216.9496
2009-01-21,217.0952
2009-02-02,218.6697
2009-02-03,217.4688
2009-02-04,218.4304
2009-02-05,218.0875
2009-02-06,217.9245
2009-02-09,218.5508
2009-02-10,217.2147
2009-02-11,217.5214
2009-02-12,217.5937
2009-02-13,218.0207
2009-02-16,218.2269
2009-02-17,220.7968
2009-02-18,219.9823
2009-02-19,219.2883
2009-02-20,218.4954
2009-02-23,217.7793
2009-02-24,216.9764
2009-02-25,218.1579
2009-02-26,219.5983
2009-02-27,218.8618
2009-03-02,217.8415
2009-03-03,218.246
2009-03-04,217.5343
2009-03-05,218.114
2009-03-06,218.2262
2009-03-09,216.4632
2009-03-10,218.0299
2009-03-11,219.8787
2009-03-12,219.0951
2009-03-13,218.5608
2009-03-16,218.7639
2009-03-17,219.0204
2009-03-18,219.6321
2009-03-19,221.7298
2009-03-20,221.4228
2009-03-23,220.4283
2009-03-24,218.7979
2009-03-25,217.8889
2009-03-26,217.7439
2009-03-27,219.5888
2009-03-30,218.9107
2009-03-31,219.0462
2009-04-02,218.9187
2009-04-03,220.11
2009-04-06,222.781
2009-04-07,222.0783
2009-04-08,221.4238
2009-04-09,222.4691
2009-04-10,223.1164
2009-04-13,225.065
2009-04-14,225.6096
2009-04-15,225.0915
2009-04-16,225.6437
2009-04-17,226.7817
2009-04-20,227.5987
2009-04-21,228.0622
2009-04-22,229.1645
2009-04-23,230.3897
2009-04-24,231.8667
2009-04-27,232.5028
2009-04-28,232.1923
2009-04-29,232.2465
2009-04-30,233.5314
2009-05-04,232.4607
2009-05-05,232.773
2009-05-06,232.1988
2009-05-07,232.1161
2009-05-08,233.4838
2009-05-11,233.5902
2009-05-12,233.5276
2009-05-13,231.823
2009-05-14,232.5721
2009-05-15,233.2064
2009-05-18,235.6122
2009-05-19,235.1318
2009-05-20,235.2719
2009-05-21,235.4476
2009-05-22,237.1869
2009-05-25,236.9553
2009-05-26,237.1674
2009-05-27,237.7697
2009-06-01,237.8727
2009-06-02,237.2228
2009-06-03,237.3344
2009-06-04,238.4898
2009-06-05,237.1465
2009-06-08,237.1856
2009-06-09,236.2367
2009-06-10,237.5302
2009-06-11,235.6024
2009-06-12,234.8262
2009-06-15,235.1517
2009-06-16,236.8748
2009-06-17,236.6785
2009-06-18,235.9031
2009-06-19,238.004
2009-06-22,236.1618
2009-06-23,233.4473
2009-06-24,233.8442
2009-06-25,233.1403
2009-06-26,231.8333
2009-06-29,232.5385
2009-06-30,232.7057
2009-07-01,231.933
2009-07-02,230.3323
2009-07-03,231.2219
2009-07-06,231.858
2009-07-07,231.6271
2009-07-08,233.6499
2009-07-09,232.2829
2009-07-10,230.395
2009-07-13,229.4827
2009-07-14,229.3157
2009-07-15,229.48
2009-07-16,229.0885
2009-07-17,229.3772
2009-07-20,227.8271
2009-07-21,229.3578
2009-07-22,229.1489
2009-07-23,230.3145
2009-07-24,230.594
2009-07-27,231.0053
2009-07-28,231.5479
2009-07-29,231.9505
2009-07-30,232.5799
2009-07-31,234.0093
2009-08-03,234.1222
2009-08-04,234.8351
2009-08-05,234.6123
2009-08-06,236.1843
2009-08-10,235.2674
2009-08-11,237.2683
2009-08-12,237.102
2009-08-13,235.2873
2009-08-14,235.3204
2009-08-17,234.4014
2009-08-18,235.2694
2009-08-19,234.3841
2009-08-20,233.744
2009-08-21,231.4188
2009-08-24,230.7797
2009-08-25,227.8674
2009-08-26,225.9489
2009-08-27,226.695
2009-08-28,227.4723
2009-08-31,227.8425
2009-09-01,226.627
2009-09-02,226.4596
2009-09-03,226.3423
2009-09-04,224.9182
2009-09-07,226.4964
2009-09-08,227.3767
2009-09-09,227.0118
2009-09-10,226.9288
2009-09-11,227.0518
2009-09-14,224.6204
2009-09-15,224.2305
2009-09-16,223.3538
2009-09-17,222.1235
2009-09-18,221.7002
2009-09-21,223.5821
2009-09-22,224.1867
2009-09-23,223.4344
2009-09-24,223.9624
2009-09-25,225.4174
2009-09-28,226.3468
2009-09-29,226.3011
2009-09-30,225.4559
2009-10-01,226.1303
2009-10-02,226.4621
2009-10-05,227.3625
2009-10-06,227.9709
2009-10-07,229.0533
2009-10-08,228.3258
2009-10-09,229.7156
2009-10-12,229.8277
2009-10-13,232.0975
2009-10-14,231.1817
2009-10-15,233.0727
2009-10-16,233.1868
2009-10-19,232.3107
2009-10-20,231.6325
2009-10-21,231.1457
2009-10-22,231.5203
2009-10-23,232.0098
2009-10-26,231.2283
2009-10-27,231.0845
2009-10-28,233.4442
2009-10-29,235.3439
2009-10-30,235.7397
2009-11-02,235.6666
2009-11-03,235.6902
2009-11-04,236.2954
2009-11-05,234.9688
2009-11-06,234.5489
2009-11-09,232.4748
2009-11-10,232.8226
2009-11-11,233.4596
2009-11-12,232.7788
2009-11-13,234.4944
2009-11-16,232.94
2009-11-17,231.118
2009-11-18,231.2618
2009-11-19,232.3569
2009-11-20,234.1971
2009-11-23,233.5427
2009-11-24,234.6855
2009-11-25,234.523
2009-11-26,234.2033
2009-11-27,235.121
2009-11-30,235.7703
2009-12-01,233.7941
2009-12-02,235.4032
2009-12-03,236.9099
2009-12-04,236.0504
2009-12-07,236.3995
2009-12-08,236.8652
2009-12-09,237.0555
2009-12-10,236.2847
2009-12-11,235.3731
2009-12-14,235.2253
2009-12-15,236.487
2009-12-16,237.0115
2009-12-17,236.4538
2009-12-18,237.2479
2009-12-21,233.7502
2009-12-22,234.9759
2009-12-23,232.8145
2009-12-24,232.2762
2009-12-25,230.8597
2009-12-28,229.2498
2009-12-29,230.4658
2009-12-30,229.8116
2009-12-31,230.0948
2010-01-04,229.9258
2010-01-05,230.3593
2010-01-06,230.3326
2010-01-07,228.7399
2010-01-08,229.765
2010-01-11,229.0829
2010-01-12,227.1854
2010-01-13,226.5855
2010-01-14,228.1725
2010-01-15,229.0284
2010-01-18,228.5146
2010-01-19,228.0013
2010-01-20,227.5206
2010-01-21,229.7694
2010-01-22,230.0933
2010-01-25,230.473
2010-01-26,231.545
2010-01-27,231.7057
2010-01-28,231.2897
2010-01-29,230.947
2010-02-01,230.7488
2010-02-02,230.5905
2010-02-03,231.3141
2010-02-04,231.2585
2010-02-05,231.99
2010-02-08,231.7804
2010-02-09,231.7556
2010-02-10,229.3243
2010-02-22,230.2603
2010-02-23,230.5441
2010-02-24,231.5793
2010-02-25,228.1099
2010-02-26,230.3777
2010-03-01,230.1017
2010-03-02,231.2616
2010-03-03,229.9435
2010-03-04,230.533
2010-03-05,229.2035
2010-03-08,228.374
2010-03-09,230.4454
2010-03-10,230.1105
2010-03-11,230.2456
2010-03-12,231.1321
2010-03-15,231.5894
2010-03-16,231.6478
2010-03-17,231.9547
2010-03-18,234.6261
2010-03-19,234.4412
2010-03-22,234.5597
2010-03-23,235.6746
2010-03-24,236.8595
2010-03-25,238.1469
2010-03-26,238.7884
2010-03-29,237.3043
2010-03-30,239.1237
2010-03-31,237.6335
2010-04-01,237.8743
2010-04-02,236.8582
2010-04-06,236.6638
2010-04-07,236.9345
2010-04-08,237.1967
2010-04-09,237.5785
2010-04-12,239.3766
2010-04-13,239.7997
2010-04-14,239.3871
2010-04-15,240.4214
2010-04-16,241.7311
2010-04-19,240.1265
2010-04-20,240.7237
2010-04-21,241.4473
2010-04-22,240.9673
2010-04-23,242.5043
2010-04-26,242.2011
2010-04-27,242.2321
2010-04-28,241.9014
2010-04-29,241.7993
2010-04-30,240.353
2010-05-03,238.5022
2010-05-04,240.2844
2010-05-05,239.1467
2010-05-06,237.8417
2010-05-07,235.1619
2010-05-10,234.293
2010-05-11,232.6259
2010-05-12,234.4195
2010-05-13,235.4859
2010-05-14,234.5579
2010-05-17,237.0823
2010-05-18,238.1276
2010-05-19,237.6218
2010-05-20,234.5334
2010-05-21,237.1026
2010-05-24,235.3367
2010-05-25,233.2829
2010-05-26,234.359
2010-05-27,237.1007
2010-05-28,238.6232
2010-05-31,239.1767
2010-06-01,239.7684
2010-06-02,240.6716
2010-06-03,241.4645
2010-06-04,241.6833
2010-06-07,241.6884
2010-06-08,241.4919
2010-06-09,240.4608
2010-06-10,240.0031
2010-06-11,237.8515
2010-06-14,237.6156
2010-06-15,236.3223
2010-06-17,234.9001
2010-06-18,234.9939
2010-06-21,236.512
2010-06-22,237.4797
2010-06-23,235.4962
2010-06-24,234.2132
2010-06-25,235.1978
2010-06-28,233.9248
2010-06-29,233.5451
2010-06-30,234.0706
2010-07-01,232.8203
2010-07-02,232.8266
2010-07-05,231.1572
2010-07-06,230.3466
2010-07-07,230.5997
2010-07-08,228.6477
2010-07-09,229.0369
2010-07-12,228.8999
2010-07-13,229.4178
2010-07-14,229.5599
2010-07-15,231.0109
2010-07-16,231.04
2010-07-19,230.4284
2010-07-20,230.4541
2010-07-21,230.9649
2010-07-22,230.9058
2010-07-23,230.8372
2010-07-26,229.9116
2010-07-27,229.0346
2010-07-28,227.3139
2010-07-29,229.1888
2010-07-30,227.6488
2010-08-02,226.7463
2010-08-03,225.8184
2010-08-04,226.7159
2010-08-05,226.2682
2010-08-06,227.5667
2010-08-09,226.6866
2010-08-10,226.8895
2010-08-11,225.8284
2010-08-12,228.1377
2010-08-13,226.669
2010-08-16,226.9068
2010-08-17,227.5124
2010-08-18,227.8694
2010-08-19,227.5444
2010-08-20,227.2829
2010-08-23,227.219
2010-08-24,226.9384
2010-08-25,227.9186
2010-08-26,230.3237
2010-08-27,229.5665
2010-08-30,227.8794
2010-08-31,227.6649
2010-09-01,230.4876
2010-09-02,229.4462
2010-09-03,231.2119
2010-09-06,233.0358
2010-09-07,232.2743
2010-09-08,232.819
2010-09-09,234.5982
2010-09-10,234.0362
2010-09-13,233.681
2010-09-14,232.8845
2010-09-15,231.5865
2010-09-16,230.7189
2010-09-17,229.1916
2010-09-20,229.1161
2010-09-21,228.1195
2010-09-23,228.2721
2010-09-24,226.3821
2010-09-27,226.6434
2010-09-28,227.4746
2010-09-29,225.0932
2010-09-30,225.4016
2010-10-01,226.6725
2010-10-04,225.1882
2010-10-05,226.9588
2010-10-06,227.3208
2010-10-07,226.4058
2010-10-08,226.2295
2010-10-11,226.7479
2010-10-12,226.7207
2010-10-13,227.2181
2010-10-14,226.0585
2010-10-15,226.1369
2010-10-18,224.4254
2010-10-19,224.1884
2010-10-20,223.0631
2010-10-21,222.1312
2010-10-22,223.393
2010-10-25,224.5003
2010-10-26,225.0718
2010-10-27,223.73
2010-10-28,223.2642
2010-10-29,224.5068
2010-11-01,224.5536
2010-11-02,227.0454
2010-11-03,227.3784
2010-11-04,227.483
2010-11-05,227.0177
2010-11-08,227.0558
2010-11-09,226.7692
2010-11-10,227.4587
2010-11-11,228.433
2010-11-12,227.4211
2010-11-15,225.7936
2010-11-16,223.6077
2010-11-17,224.0639
2010-11-18,222.7157
2010-11-19,220.2069
2010-11-22,220.5246
2010-11-23,223.1632
2010-11-24,223.0448
2010-11-25,223.8684
2010-11-26,223.8481
2010-11-29,223.6255
2010-11-30,224.5413
2010-12-01,224.1031
2010-12-02,224.2907
2010-12-03,224.5393
2010-12-06,223.677
2010-12-07,224.6746
2010-12-08,224.3657
2010-12-09,223.4057
2010-12-10,223.8933
2010-12-13,222.7755
2010-12-14,222.6955
2010-12-15,222.574
2010-12-16,223.6712
2010-12-17,224.0902
2010-12-20,223.9501
2010-12-21,224.7538
2010-12-22,226.2037
2010-12-23,226.7215
2010-12-24,226.6199
2010-12-27,225.0201
2010-12-28,223.7092
2010-12-29,223.2559
2010-12-30,222.4639
2010-12-31,222.1447
2011-01-03,222.0966
2011-01-04,222.5738
2011-01-05,222.3841
2011-01-06,222.8139
2011-01-07,222.7743
2011-01-10,220.4625
2011-01-11,219.3168
2011-01-12,219.0491
2011-01-13,217.6147
2011-01-14,218.1587
2011-01-17,219.7194
2011-01-18,220.9485
2011-01-19,220.6022
2011-01-20,222.1362
2011-01-21,222.1903
2011-01-24,221.7047
2011-01-25,220.9139
2011-01-26,220.4693
2011-01-27,219.9312
2011-01-28,220.0086
2011-02-08,220.0752
2011-02-09,219.9685
2011-02-10,220.3391
2011-02-11,221.5407
2011-02-14,222.4818
2011-02-15,220.7187
2011-02-16,217.7898
2011-02-17,218.6983
2011-02-18,217.0943
2011-02-21,216.7418
2011-02-22,215.3654
2011-02-23,213.3173
2011-02-24,213.7882
2011-02-25,214.4928
2011-03-01,213.7673
2011-03-02,210.891
2011-03-03,210.2096
2011-03-04,210.5163
2011-03-07,208.8544
2011-03-08,208.9415
2011-03-09,208.821
2011-03-10,209.3214
2011-03-11,209.3419
2011-03-14,208.2187
2011-03-15,209.3603
2011-03-16,209.0897
2011-03-17,208.9566
2011-03-18,207.8771
2011-03-21,207.3124
2011-03-22,206.2916
2011-03-23,206.0101
2011-03-24,207.6702
2011-03-25,206.1418
2011-03-28,204.3756
2011-03-29,205.7768
2011-03-30,205.4585
2011-03-31,204.6684
2011-04-01,205.6302
2011-04-06,204.9047
2011-04-07,206.673
2011-04-08,207.2702
2011-04-11,206.6609
2011-04-12,208.7867
2011-04-13,208.05
2011-04-14,208.7179
2011-04-15,208.9259
2011-04-18,210.1813
2011-04-19,211.7172
2011-04-20,211.6452
2011-04-21,210.7421
2011-04-22,211.1214
2011-04-25,210.3004
2011-04-26,212.3123
2011-04-27,212.3511
2011-04-28,211.857
2011-04-29,211.9467
2011-05-03,210.4131
2011-05-04,209.2857
2011-05-05,210.4372
2011-05-06,209.6408
2011-05-09,208.4386
2011-05-10,208.8937
2011-05-11,210.0277
2011-05-12,210.6777
2011-05-13,211.6216
2011-05-16,210.715
2011-05-17,209.1117
2011-05-18,210.5769
2011-05-19,210.1319
2011-05-20,209.7633
2011-05-23,211.0515
2011-05-24,211.5329
2011-05-25,211.9093
2011-05-26,214.0973
2011-05-27,213.3014
2011-05-30,214.1843
2011-05-31,214.1383
2011-06-01,214.3188
2011-06-02,215.8495
2011-06-03,216.2897
2011-06-07,216.7637
2011-06-08,217.8177
2011-06-09,217.3113
2011-06-10,216.2908
2011-06-13,215.0527
2011-06-14,212.8308
2011-06-15,214.9125
2011-06-16,213.6196
2011-06-17,213.2765
2011-06-20,212.8747
2011-06-21,213.0955
2011-06-22,213.8581
2011-06-23,214.6713
2011-06-24,213.9381
2011-06-27,213.6524
2011-06-28,213.8474
2011-06-29,213.4746
2011-06-30,215.0835
2011-07-01,215.504
2011-07-04,216.1881
2011-07-05,216.7965
2011-07-06,217.9601
2011-07-07,218.0484
2011-07-08,216.5255
2011-07-11,216.85
2011-07-12,216.0353
2011-07-13,215.3563
2011-07-14,215.88
2011-07-15,217.1087
2011-07-18,217.0232
2011-07-19,217.2498
2011-07-20,218.9902
2011-07-21,219.1443
2011-07-22,221.8854
2011-07-25,222.4018
2011-07-26,220.3326
2011-07-27,221.0524
2011-07-28,221.3632
2011-07-29,222.68
2011-08-01,223.3182
2011-08-02,223.0519
2011-08-03,221.575
2011-08-04,221.2326
2011-08-05,220.1812
2011-08-08,219.432
2011-08-09,219.968
2011-08-10,221.6946
2011-08-11,222.0212
2011-08-12,220.5826
2011-08-15,220.9627
2011-08-16,222.1743
2011-08-17,221.3858
2011-08-18,221.1268
2011-08-19,221.0325
2011-08-22,220.0545
2011-08-23,220.6578
2011-08-24,220.414
2011-08-25,220.7661
2011-08-26,216.406
2011-08-29,214.0798
2011-08-30,216.7446
2011-08-31,214.6949
2011-09-01,221.6809
2011-09-02,219.4657
2011-09-05,220.013
2011-09-06,223.6766
2011-09-07,216.8841
2011-09-08,208.8125
2011-09-09,202.0234
2011-09-13,206.7208
2011-09-14,204.0257
2011-09-15,214.0564
2011-09-16,211.2127
2011-09-19,211.5699
2011-09-20,217.672
2011-09-21,225.9701
2011-09-22,234.8349
2011-09-23,240.0406
2011-09-26,244.4769
2011-09-27,246.8851
2011-09-28,250.2346
2011-09-29,246.9756
2011-09-30,242.4401
2011-10-03,241.9389
2011-10-04,240.6315
2011-10-05,237.969
2011-10-06,240.8074
2011-10-07,244.9267
2011-10-11,244.8699
2011-10-12,251.6162
2011-10-13,245.3676
2011-10-14,243.9265
2011-10-17,239.9416
2011-10-18,230.5045
2011-10-19,229.6623
2011-10-20,228.6438
2011-10-21,235.1073
2011-10-24,237.6033
2011-10-25,232.2611
2011-10-26,240.4092
2011-10-27,245.7993
2011-10-28,248.1693
2011-10-31,246.5488
2011-11-01,241.3247
2011-11-02,239.0456
2011-11-03,243.7727
2011-11-04,252.4734
2011-11-07,259.761
2011-11-08,256.7018
2011-11-09,250.4402
2011-11-10,250.645
2011-11-11,241.2787
2011-11-14,242.3556
2011-11-15,241.1554
2011-11-16,238.4253
2011-11-17,230.3441
2011-11-18,232.2495
2011-11-21,229.3106
2011-11-22,223.4865
2011-11-23,210.2013
2011-11-24,209.6652
2011-11-25,216.6775
2011-11-28,223.4433
2011-11-29,220.9537
2011-11-30,217.8506
2011-12-01,219.4574
2011-12-02,214.6364
2011-12-05,215.5026
2011-12-06,218.3734
2011-12-07,223.2952
2011-12-08,222.4013
2011-12-09,221.0506
2011-12-12,216.7269
2011-12-13,212.7093
2011-12-14,211.3204
2011-12-15,212.4504
2011-12-16,215.9073
2011-12-19,212.0072
2011-12-20,217.9124
2011-12-21,216.295
2011-12-22,215.77
2011-12-23,212.1139
2011-12-26,201.4054
2011-12-27,204.5636
2011-12-28,207.1691
2011-12-29,205.5891
2011-12-30,205.4534
2012-01-03,207.1625
2012-01-04,200.2742
2012-01-05,197.7545
2012-01-06,200.5004
2012-01-09,195.0697
2012-01-10,195.8248
2012-01-11,190.1201
2012-01-12,191.5134
2012-01-13,190.9939
2012-01-16,184.4423
2012-01-17,188.37
2012-01-18,185.2258
2012-01-30,181.8538
2012-01-31,182.2196
2012-02-01,186.0412
2012-02-02,181.8894
2012-02-03,181.75
2012-02-06,182.9452
2012-02-07,185.1153
2012-02-08,185.3983
2012-02-09,183.6666
2012-02-10,180.2593
2012-02-13,180.2093
2012-02-14,175.9847
2012-02-15,165.3505
2012-02-16,166.4635
2012-02-17,169.14
2012-02-20,160.8084
2012-02-21,157.2393
2012-02-22,158.8719
2012-02-23,165.0917
2012-02-24,164.8302
2012-02-29,162.1006
2012-03-01,161.1834
2012-03-02,165.2932
2012-03-05,162.8271
2012-03-06,159.8988
2012-03-07,158.0352
2012-03-08,154.7059
2012-03-09,154.776
2012-03-12,159.4957
2012-03-13,160.2073
2012-03-14,159.0783
2012-03-15,157.8317
2012-03-16,152.5816
2012-03-19,154.9714
2012-03-20,154.4202
2012-03-21,153.554
2012-03-22,163.0532
2012-03-23,163.7013
2012-03-26,160.9125
2012-03-27,159.2185
2012-03-28,162.5571
2012-03-29,162.6002
2012-03-30,157.5977
2012-04-02,160.1799
2012-04-03,157.7191
2012-04-05,163.3128
2012-04-06,166.5139
2012-04-09,164.6912
2012-04-10,168.5813
2012-04-11,168.4729
2012-04-12,171.0093
2012-04-13,172.3252
2012-04-16,169.0636
2012-04-17,166.5495
2012-04-18,169.6472
2012-04-19,168.172
2012-04-20,166.478
2012-04-23,162.9649
2012-04-24,164.0196
2012-04-25,170.4575
2012-04-26,166.4772
2012-04-27,166.2249
2012-04-30,170.5874
2012-05-02,169.9745
2012-05-03,171.1724
2012-05-04,167.193
2012-05-07,168.2908
2012-05-08,167.3243
2012-05-09,170.2884
2012-05-10,173.9918
2012-05-11,182.6551
2012-05-14,184.4072
2012-05-15,185.24
2012-05-16,185.5897
2012-05-17,183.9076
2012-05-18,184.7848
2012-05-21,183.3235
2012-05-22,183.5745
2012-05-23,188.0449
2012-05-24,183.8833
2012-05-25,187.7076
2012-05-28,192.2768
2012-05-29,191.4382
2012-05-30,182.9312
2012-05-31,180.3415
2012-06-01,184.6589
2012-06-04,184.2051
2012-06-05,180.1552
2012-06-06,177.9761
2012-06-07,180.6124
2012-06-08,182.2261
2012-06-11,180.9909
2012-06-12,179.3011
2012-06-13,177.5376
2012-06-14,173.9073
2012-06-15,179.178
2012-06-18,177.6646
2012-06-19,181.6342
2012-06-20,186.7974
2012-06-21,190.1534
2012-06-22,188.1316
2012-06-25,189.2744
2012-06-26,188.8043
2012-06-27,185.0142
2012-06-28,185.8444
2012-06-29,181.0904
2012-07-02,185.0298
2012-07-03,182.9404
2012-07-04,183.3105
2012-07-05,183.9825
2012-07-06,182.6619
2012-07-09,184.4399
2012-07-10,182.3192
2012-07-11,185.1316
2012-07-12,179.7777
2012-07-13,179.8725
2012-07-16,186.488
2012-07-17,182.384
2012-07-18,179.547
2012-07-19,181.0333
2012-07-20,181.3214
2012-07-23,182.2303
2012-07-24,183.6487
2012-07-25,185.6127
2012-07-26,189.361
2012-07-27,190.5344
2012-07-30,189.234
2012-07-31,191.401
2012-08-01,198.291
2012-08-03,197.3684
2012-08-06,193.1268
2012-08-07,197.0167
2012-08-08,196.1483
2012-08-09,187.2327
2012-08-10,190.0315
2012-08-13,187.6169
2012-08-14,186.902
2012-08-15,187.7692
2012-08-16,188.1091
2012-08-17,190.402
2012-08-20,188.3628
2012-08-21,189.9191
2012-08-22,188.5534
2012-08-23,190.9624
2012-08-24,192.9307
2012-08-27,188.9353
2012-08-28,192.661
2012-08-29,190.2105
2012-08-30,192.9041
2012-08-31,193.9353
2012-09-03,200.6772
2012-09-04,199.379
2012-09-05,197.5873
2012-09-06,197.1154
2012-09-07,195.5259
2012-09-10,198.263
2012-09-11,191.4574
2012-09-12,187.0398
2012-09-13,182.6713
2012-09-14,185.7778
2012-09-17,191.7621
2012-09-18,190.978
2012-09-19,189.9512
2012-09-20,189.8374
2012-09-21,193.8691
2012-09-24,189.8857
2012-09-25,190.4112
2012-09-26,193.7441
2012-09-27,195.2983
2012-09-28,195.6482
2012-10-01,199.174
2012-10-02,188.0074
2012-10-03,190.1803
2012-10-04,187.3121
2012-10-05,180.0795
2012-10-08,181.5605
2012-10-09,186.1854
2012-10-11,185.3012
2012-10-12,188.462
2012-10-15,194.1621
2012-10-16,198.8799
2012-10-17,205.0053
2012-10-18,207.6381
2012-10-19,207.5361
2012-10-22,200.4717
2012-10-23,199.0842
2012-10-24,195.3285
2012-10-25,203.4188
2012-10-26,202.2964
2012-10-29,202.3903
2012-10-30,204.2178
2012-10-31,203.9875
2012-11-01,210.4949
2012-11-02,207.4526
2012-11-05,207.8451
2012-11-06,204.343
2012-11-07,198.5396
2012-11-08,195.7133
2012-11-09,195.1769
2012-11-12,193.1107
2012-11-13,190.0502
2012-11-14,184.3247
2012-11-15,183.6497
2012-11-16,177.7556
2012-11-19,180.1022
2012-11-20,180.0389
2012-11-21,174.4305
2012-11-22,173.0029
2012-11-23,170.0544
2012-11-26,170.7998
2012-11-27,175.0372
2012-11-28,168.1226
2012-11-29,168.1731
2012-11-30,167.2982
2012-12-03,169.2099
2012-12-04,169.593
2012-12-05,166.7032
2012-12-06,165.306
2012-12-07,162.3436
2012-12-10,165.5126
2012-12-11,165.2521
2012-12-12,171.2051
2012-12-13,170.655
2012-12-14,167.8958
2012-12-17,162.4771
2012-12-18,156.2928
2012-12-19,151.0284
2012-12-20,151.5332
2012-12-21,152.7719
2012-12-24,147.6351
2012-12-25,149.9826
2012-12-26,148.2336
2012-12-27,148.3723
2012-12-28,152.8597
2013-01-02,155.2958
2013-01-03,154.1512
2013-01-04,151.0953
2013-01-07,144.2905
2013-01-08,141.9266
2013-01-09,141.0434
2013-01-10,137.9766
2013-01-11,137.3384
2013-01-14,137.2748
2013-01-15,136.3829
2013-01-16,134.3371
2013-01-17,134.5216
2013-01-18,135.4416
2013-01-21,132.217
2013-01-22,135.6836
2013-01-23,135.1447
2013-01-24,134.9254
2013-01-25,136.5667
2013-01-28,136.9306
2013-01-29,139.267
2013-01-30,139.7882
2013-01-31,137.7964
2013-02-01,138.5171
2013-02-04,135.0716
2013-02-05,135.0947
2013-02-06,134.7347
2013-02-18,133.9044
2013-02-19,133.2924
2013-02-20,128.0091
2013-02-21,126.3482
2013-02-22,126.3301
2013-02-25,126.4813
2013-02-26,123.6287
2013-02-27,126.511
2013-03-01,124.0664
2013-03-04,126.2238
2013-03-05,127.0498
2013-03-06,125.1536
2013-03-07,129.347
2013-03-08,126.0004
2013-03-11,128.0647
2013-03-12,130.3714
2013-03-13,128.3621
2013-03-14,131.6802
2013-03-15,130.7583
2013-03-18,131.2518
2013-03-19,131.6727
2013-03-20,131.0557
2013-03-21,132.9188
2013-03-22,134.7624
2013-03-25,129.7801
2013-03-26,132.9061
2013-03-27,128.2212
2013-03-28,130.6126
2013-03-29,133.2946
2013-04-01,130.1196
2013-04-02,128.7903
2013-04-03,125.6846
2013-04-08,124.893
2013-04-09,123.8738
2013-04-10,125.5576
2013-04-11,128.5969
2013-04-12,131.9293
2013-04-15,130.1821
2013-04-16,129.377
2013-04-17,124.7623
2013-04-18,122.5019
2013-04-19,124.6208
2013-04-22,128.3983
2013-04-23,124.9717
2013-04-24,123.2409
2013-04-25,122.9293
2013-04-26,123.3722
2013-04-29,121.1278
2013-04-30,121.9129
2013-05-02,120.5137
2013-05-03,120.2378
2013-05-06,121.311
2013-05-07,121.084
2013-05-08,119.785
2013-05-09,119.2828
2013-05-10,118.8334
2013-05-13,117.7163
2013-05-14,116.8716
2013-05-15,120.3746
2013-05-16,121.4843
2013-05-17,120.5234
2013-05-20,121.9623
2013-05-21,120.9041
2013-05-22,123.499
2013-05-23,124.165
2013-05-24,123.6502
2013-05-27,124.5101
2013-05-28,120.3493
2013-05-29,117.3965
2013-05-30,114.3585
2013-05-31,114.4567
2013-06-03,118.1937
2013-06-04,123.2318
2013-06-05,124.5579
2013-06-06,125.5565
2013-06-07,120.7827
2013-06-10,119.2302
2013-06-11,117.1132
2013-06-13,115.4248
2013-06-14,114.8058
2013-06-17,113.4922
2013-06-18,108.7725
2013-06-19,110.182
2013-06-20,107.5977
2013-06-21,107.8974
2013-06-24,112.1574
2013-06-25,109.8708
2013-06-26,104.091
2013-06-27,103.2874
2013-06-28,105.3551
2013-07-01,109.2708
2013-07-02,106.3652
2013-07-03,107.2091
2013-07-04,105.997
2013-07-05,105.5604
2013-07-08,110.932
2013-07-09,107.3756
2013-07-10,107.7058
2013-07-11,108.4979
2013-07-12,110.637
2013-07-15,110.6325
2013-07-16,111.0928
2013-07-17,110.0004
2013-07-18,110.3725
2013-07-19,109.3942
2013-07-22,110.5353
2013-07-23,109.4971
2013-07-24,110.1039
2013-07-25,109.8193
2013-07-26,112.0729
2013-07-29,111.7336
2013-07-30,107.548
2013-07-31,110.0472
2013-08-01,107.8336
2013-08-02,106.208
2013-08-05,104.7303
2013-08-06,107.3997
2013-08-07,102.5975
2013-08-08,108.8308
2013-08-09,110.9118
2013-08-12,111.1852
2013-08-13,110.8408
2013-08-14,111.2521
2013-08-15,112.1891
2013-08-16,113.4124
2013-08-19,114.4458
2013-08-20,114.422
2013-08-22,113.7416
2013-08-23,113.17
2013-08-26,112.5025
2013-08-27,114.8285
2013-08-28,115.962
2013-08-29,108.9106
2013-08-30,110.1215
2013-09-02,110.3301
2013-09-03,110.0682
2013-09-04,108.9928
2013-09-05,111.2252
2013-09-06,113.1105
2013-09-09,111.1359
2013-09-10,111.8184
2013-09-11,109.4218
2013-09-12,106.1838
2013-09-13,104.6405
2013-09-16,106.236
2013-09-17,108.0487
2013-09-18,108.9414
2013-09-23,110.3034
2013-09-24,111.2215
2013-09-25,109.5721
2013-09-26,110.2995
2013-09-27,111.8446
2013-09-30,113.3082
2013-10-01,115.7759
2013-10-02,117.1844
2013-10-03,117.7737
2013-10-04,120.0589
2013-10-07,119.7551
2013-10-08,117.4034
2013-10-09,116.7857
2013-10-11,114.8122
2013-10-14,113.0322
2013-10-15,112.4794
2013-10-16,110.4718
2013-10-17,109.5704
2013-10-18,105.2016
2013-10-21,105.44
2013-10-22,105.2317
2013-10-23,103.3016
2013-10-24,104.457
2013-10-25,106.2068
2013-10-28,102.5797
2013-10-29,100.8097
2013-10-30,99.0573
2013-10-31,96.9971
2013-11-01,98.4122
2013-11-04,97.8339
2013-11-05,97.1207
2013-11-06,93.0341
2013-11-07,94.0303
2013-11-08,91.5117
2013-11-11,91.4384
2013-11-12,91.7628
2013-11-13,94.0764
2013-11-14,91.4257
2013-11-15,85.7216
2013-11-18,85.8654
2013-11-19,88.7857
2013-11-20,90.8081
2013-11-21,91.0073
2013-11-22,89.9304
2013-11-25,91.2022
2013-11-26,89.244
2013-11-27,89.9158
2013-11-28,90.645
2013-11-29,92.3858
2013-12-02,97.3001
2013-12-03,97.8691
2013-12-04,96.6771
2013-12-05,96.4343
2013-12-06,92.8294
2013-12-09,91.3539
2013-12-10,90.4234
2013-12-11,89.2948
2013-12-12,89.3883
2013-12-13,87.7392
2013-12-16,89.5309
2013-12-17,89.3522
2013-12-18,89.1569
2013-12-19,88.3939
2013-12-20,88.4915
2013-12-23,89.7748
2013-12-24,88.0383
2013-12-25,86.7034
2013-12-26,86.0033
2013-12-27,83.5163
2013-12-30,81.9808
2013-12-31,81.036
2014-01-02,82.2911
2014-01-03,82.5586
2014-01-06,82.7131
2014-01-07,83.9553
2014-01-08,83.5567
2014-01-09,84.0421
2014-01-10,83.7005
2014-01-13,83.9773
2014-01-14,82.8306
2014-01-15,78.6248
2014-01-16,78.2564
2014-01-17,80.3267
2014-01-20,81.654
2014-01-21,83.0673
2014-01-22,84.9548
2014-01-23,84.9355
2014-01-24,85.1008
2014-01-27,83.8793
2014-02-05,83.1813
2014-02-06,84.0394
2014-02-07,85.8948
2014-02-10,85.4835
2014-02-11,84.5429
2014-02-12,84.3747
2014-02-13,85.2205
2014-02-14,82.5891
2014-02-17,78.6311
2014-02-18,77.6081
2014-02-19,75.5581
2014-02-20,74.6391
2014-02-21,74.2692
2014-02-24,73.4474
2014-02-25,75.4341
2014-02-26,75.7762
2014-02-27,76.08
2014-03-03,76.8746
2014-03-04,74.9699
2014-03-05,76.378
2014-03-06,76.1095
2014-03-07,76.9779
2014-03-10,75.1738
2014-03-11,72.6874
2014-03-12,73.731
2014-03-13,74.1386
2014-03-14,72.6528
2014-03-17,71.2438
2014-03-18,72.7049
2014-03-19,70.83
2014-03-20,73.0154
2014-03-21,71.5542
2014-03-24,72.3247
2014-03-25,71.7047
2014-03-26,72.4263
2014-03-27,71.4933
2014-03-28,71.1175
2014-03-31,71.0335
2014-04-01,69.4677
2014-04-02,70.358
2014-04-03,69.4951
2014-04-07,69.0384
2014-04-08,67.5274
2014-04-09,63.9318
2014-04-10,63.5597
2014-04-11,66.4995
2014-04-14,67.41
2014-04-15,67.2492
2014-04-16,66.7611
2014-04-17,66.6576
2014-04-18,67.2537
2014-04-21,65.5309
2014-04-22,66.8603
2014-04-23,67.6832
2014-04-24,68.52
2014-04-25,68.9838
2014-04-28,68.8729
2014-04-29,69.662
2014-04-30,70.3472
2014-05-02,69.7084
2014-05-05,68.7693
2014-05-06,68.7719
2014-05-07,70.7649
2014-05-08,68.8697
2014-05-09,66.7106
2014-05-12,66.797
2014-05-13,66.7314
2014-05-14,66.8293
2014-05-15,67.0217
2014-05-16,66.5885
2014-05-19,68.4395
2014-05-20,66.1113
2014-05-21,64.8836
2014-05-22,64.6198
2014-05-23,62.3669
2014-05-26,62.0228
2014-05-27,63.9597
2014-05-28,63.8585
2014-05-29,64.0254
2014-05-30,62.2837
2014-06-03,61.3913
2014-06-04,60.8078
2014-06-05,60.2998
2014-06-06,61.7249
2014-06-09,62.2899
2014-06-10,60.7807
2014-06-11,60.9588
2014-06-12,61.4443
2014-06-13,62.7225
2014-06-16,64.5798
2014-06-17,63.1395
2014-06-18,61.9893
2014-06-19,60.3062
2014-06-20,59.9033
2014-06-23,60.3422
2014-06-24,61.4131
2014-06-25,61.197
2014-06-26,60.6831
2014-06-27,60.7459
2014-06-30,59.6098
2014-07-01,61.9817
2014-07-02,59.8648
2014-07-03,59.9663
2014-07-04,62.2733
2014-07-07,62.1572
2014-07-08,61.7966
2014-07-09,61.2312
2014-07-10,60.8878
2014-07-11,62.4378
2014-07-14,59.5508
2014-07-15,61.258
2014-07-16,59.3909
2014-07-17,58.9554
2014-07-18,58.3314
2014-07-21,58.9014
2014-07-22,56.901
2014-07-23,57.3132
2014-07-24,59.519
2014-07-25,57.7773
2014-07-28,57.881
2014-07-29,56.9989
2014-07-30,57.3704
2014-07-31,57.2776
2014-08-01,56.4282
2014-08-04,56.8659
2014-08-05,58.8043
2014-08-06,58.4622
2014-08-07,59.1868
2014-08-08,57.5375
2014-08-11,56.3218
2014-08-12,56.7413
2014-08-13,58.312
2014-08-14,58.6101
2014-08-15,58.1259
2014-08-18,58.0088
2014-08-19,56.4421
2014-08-20,57.0116
2014-08-21,57.9036
2014-08-22,57.2642
2014-08-25,56.6113
2014-08-26,56.7991
2014-08-27,56.1894
2014-08-28,56.2836
2014-08-29,58.816
2014-09-01,58.7019
2014-09-02,58.4573
2014-09-03,57.8756
2014-09-04,58.9106
2014-09-05,58.8738
2014-09-09,58.2858
2014-09-10,60.0009
2014-09-11,61.8845
2014-09-12,61.327
2014-09-15,59.2216
2014-09-16,60.5926
2014-09-17,59.9447
2014-09-18,61.0724
2014-09-19,58.8492
2014-09-22,60.0763
2014-09-23,58.8013
2014-09-24,59.8371
2014-09-25,60.0337
2014-09-26,59.0684
2014-09-29,58.7647
2014-09-30,59.7476
2014-10-01,60.0534
2014-10-02,60.9355
2014-10-03,63.527
2014-10-06,61.7301
2014-10-07,63.9119
2014-10-08,64.237
2014-10-09,63.275
2014-10-13,61.7813
2014-10-14,61.733
2014-10-15,63.0561
2014-10-16,63.0844
2014-10-17,65.1803
2014-10-20,63.4841
2014-10-21,63.6592
2014-10-22,62.2557
2014-10-23,62.8952
2014-10-24,64.1995
2014-10-27,63.8518
2014-10-28,60.7177
2014-10-29,61.1414
2014-10-30,61.8589
2014-10-31,62.5447
2014-11-03,64.2782
2014-11-04,63.0941
2014-11-05,64.1417
2014-11-06,65.8639
2014-11-07,63.7186
2014-11-10,64.3171
2014-11-11,63.8615
2014-11-12,63.949
2014-11-13,64.5855
2014-11-14,64.1499
2014-11-17,63.4754
2014-11-18,63.7092
2014-11-19,62.515
2014-11-20,61.3449
2014-11-21,62.3625
2014-11-24,61.1168
2014-11-25,62.1146
2014-11-26,62.8756
2014-11-27,60.894
2014-11-28,60.2515
2014-12-01,61.8712
2014-12-02,60.8427
2014-12-03,60.4601
2014-12-04,61.2002
2014-12-05,62.3427
2014-12-08,62.2161
2014-12-09,61.6593
2014-12-10,63.5983
2014-12-11,66.0009
2014-12-12,67.491
2014-12-15,67.8086
2014-12-16,66.9159
2014-12-17,66.0052
2014-12-18,66.893
2014-12-19,67.6534
2014-12-22,69.7528
2014-12-23,70.8695
2014-12-24,68.9517
2014-12-25,70.6092
2014-12-26,69.4116
2014-12-29,69.0868
2014-12-30,69.6398
2014-12-31,72.6283
2015-01-05,77.3635
2015-01-06,78.5344
2015-01-07,78.4823
2015-01-08,79.5567
2015-01-09,81.2077
2015-01-12,80.9305
2015-01-13,84.079
2015-01-14,84.7181
2015-01-15,85.8156
2015-01-16,87.216
2015-01-19,88.213
2015-01-20,89.9577
2015-01-21,89.117
2015-01-22,88.3893
2015-01-23,86.7096
2015-01-26,87.7319
2015-01-27,89.3618
2015-01-28,90.448
2015-01-29,93.7484
2015-01-30,94.0192
2015-02-02,95.5587
2015-02-03,93.7589
2015-02-04,93.3143
2015-02-05,94.8923
2015-02-06,96.7884
2015-02-09,96.5097
2015-02-10,96.661
2015-02-11,94.0166
2015-02-12,93.6273
2015-02-13,95.5755
2015-02-24,96.9617
2015-02-25,98.2235
2015-02-26,98.6159
2015-03-02,98.9257
2015-03-03,97.916
2015-03-04,99.5783
2015-03-05,100.7154
2015-03-06,102.0086
2015-03-09,101.2414
2015-03-10,97.185
2015-03-11,99.6091
2015-03-12,98.954
2015-03-13,97.5434
2015-03-16,99.1889
2015-03-17,98.7088
2015-03-18,101.0974
2015-03-19,102.6482
2015-03-20,104.3595
2015-03-23,101.8216
2015-03-24,104.5951
2015-03-25,105.4554
2015-03-26,104.9929
2015-03-27,105.609
2015-03-30,102.1741
2015-03-31,103.3157
2015-04-01,101.4986
2015-04-02,99.0572
2015-04-07,96.3384
2015-04-08,98.7713
2015-04-09,97.8246
2015-04-10,101.1188
2015-04-13,100.3386
2015-04-14,97.2133
2015-04-15,95.3341
2015-04-16,97.9764
2015-04-17,97.9648
2015-04-20,97.1844
2015-04-21,97.787
2015-04-22,99.0617
2015-04-23,101.5727
2015-04-24,104.82
2015-04-27,104.3802
2015-04-28,101.9251
2015-04-29,101.388
2015-04-30,102.22
2015-05-04,100.5564
2015-05-05,98.9331
2015-05-06,99.9101
2015-05-07,100.1126
2015-05-08,100.4786
2015-05-11,99.2558
2015-05-12,99.0962
2015-05-13,97.5617
2015-05-14,99.5914
2015-05-15,101.9522
2015-05-18,98.4936
2015-05-19,96.9581
2015-05-20,94.347
2015-05-21,93.4035
2015-05-22,93.5278
2015-05-25,91.0967
2015-05-26,89.6904
2015-05-27,88.1586
2015-05-28,88.7885
2015-05-29,89.178
2015-06-01,88.1583
2015-06-02,88.7345
2015-06-03,88.0305
2015-06-04,87.8163
2015-06-05,91.0189
2015-06-08,93.7321
2015-06-09,91.577
2015-06-10,93.3714
2015-06-11,95.1667
2015-06-12,93.2667
2015-06-15,95.0738
2015-06-16,98.2834
2015-06-17,96.3717
2015-06-18,94.8924
2015-06-22,97.1084
2015-06-23,97.927
2015-06-24,99.3009
2015-06-25,100.2752
2015-06-26,101.3596
2015-06-29,98.9747
2015-06-30,101.3448
2015-07-01,104.0195
2015-07-02,103.8543
2015-07-03,104.0756
2015-07-06,101.2008
2015-07-07,102.5453
2015-07-08,104.0262
2015-07-09,104.2089
2015-07-13,106.8649
2015-07-14,106.4715
2015-07-15,107.9932
2015-07-16,106.1148
2015-07-17,106.3832
2015-07-20,106.3314
2015-07-21,107.1295
2015-07-22,106.6591
2015-07-23,106.6986
2015-07-24,108.7815
2015-07-27,108.1576
2015-07-28,105.0068
2015-07-29,108.9962
2015-07-30,112.3347
2015-07-31,109.7684
2015-08-03,111.6119
2015-08-04,110.824
2015-08-05,111.7405
2015-08-06,112.7333
2015-08-07,112.543
2015-08-10,111.1165
2015-08-11,109.9152
2015-08-12,108.2309
2015-08-13,106.755
2015-08-14,106.9318
2015-08-17,105.7218
2015-08-18,107.4811
2015-08-19,111.0006
2015-08-20,110.0459
2015-08-21,110.9029
2015-08-24,112.3439
2015-08-25,113.7415
2015-08-26,114.2555
2015-08-27,116.2954
2015-08-28,117.766
